<?xml version="1.0" encoding="utf-8"?>
<!-- $Id: MotorSport.xml 14 2009-11-02 18:35:20Z chdemko $ -->
<extension type="component" version="1.6.0" method="upgrade">

	<name>Motor Sport</name>
	<!-- The following elements are optional and free of formatting constraints -->
	<creationDate>2014-02-18</creationDate>
	<author>MotorsportReg.com</author>
	<authorEmail>support@motorsportreg.com</authorEmail>
	<authorUrl>http://api.motorsportreg.com</authorUrl>
	<copyright>Copyright MotorsportReg.com</copyright>
	<license>The only requirement for using our otherwise-free component is to retain unmodified links back to our site, thanks!</license>
	<!-- The version string is recorded in the components table -->
	<version>2</version>
	<!-- The description is optional and defaults to the name -->
	<description>Takes an event feed from the MotorsportReg.com REST API and displays a customized list on your Joomla 2.5.x website</description>

	<install> <!-- Runs on install -->
		<sql>
			<file driver="mysql" charset="utf8">sql/install.mysql.utf8.sql</file>
		</sql>
	</install>
	<uninstall> <!-- Runs on uninstall -->
		<sql>
			<file driver="mysql" charset="utf8">sql/uninstall.mysql.utf8.sql</file>
		</sql>
	</uninstall>
	

	<!-- Site Main File Copy Section -->
	<!-- Note the folder attribute: This attribute describes the folder
		to copy FROM in the package to install therefore files copied
		in this section are copied from /site/ in the package -->
	<files folder="site">
		<filename>index.html</filename>
		<filename>motorsport.php</filename>
		<filename>controller.php</filename>
		<folder>views</folder>
		<folder>models</folder>
		<folder>language</folder>
		<filename>css/style.css</filename>
		<filename>images/register.gif</filename>
	</files>
	<languages folder="site">
	<language tag="en-GB">language/en-GB/en-GB.com_motorsport.ini</language>
	</languages>


	<administration>
		<!-- Administration Menu Section -->
		<menu>COM_MOTORSPORT_MENU</menu>
		<!-- Administration Main File Copy Section -->
		<!-- Note the folder attribute: This attribute describes the folder
			to copy FROM in the package to install therefore files copied
			in this section are copied from /admin/ in the package -->
		<files folder="admin">
			<!-- Admin Main File Copy Section -->
			<filename>index.html</filename>
			<filename>config.xml</filename>
			<filename>motorsport.php</filename>
			<filename>controller.php</filename>
			<filename>images/icon-32-banner-client.png</filename>
			<!-- SQL files section -->
			<folder>sql</folder>
			<!-- tables files section -->
			<folder>tables</folder>
			<!-- models files section -->
			<folder>models</folder>
			<!-- views files section -->
			<folder>views</folder>
			<!-- controllers files section -->
			<folder>controllers</folder>
			
		</files>
		
		<languages folder="admin">
			<language tag="en-GB">language/en-GB/en-GB.com_motorsport.ini</language>
			<language tag="en-GB">language/en-GB/en-GB.com_motorsport.sys.ini</language>
		</languages>
	</administration>

</extension>

